<?xml version="1.0" encoding="UTF-8"?>
<beans xmlns="http://www.springframework.org/schema/beans"
       xmlns:context="http://www.springframework.org/schema/context"
       xmlns:xsi="http://www.w3.org/2001/XMLSchema-instance"
       xsi:schemaLocation="http://www.springframework.org/schema/beans
                           http://www.springframework.org/schema/beans/spring-beans.xsd
                           http://www.springframework.org/schema/context
                           http://www.springframework.org/schema/context/spring-context.xsd">
	<!-- jdbc.properties → dataSource → sqlSessionFactory → mapper → service → action -->
	
	<!-- jdbc.properties 加载 JDBC 配置文件 -->
	<context:property-placeholder location="classpath:jdbc.properties" />
	
	<!-- dataSource 配置数据源 (连接池) -->
	<bean id="dataSource" class="org.apache.commons.dbcp2.BasicDataSource" destroy-method="close">
		<!-- 依赖注入连接池需要的属性 -->
		<property name="driverClassName" value="${jdbc.driverClassName}" />
		<property name="url" value="${jdbc.url}" />
		<property name="username" value="${jdbc.username}" />
		<property name="password" value="${jdbc.password}" />
	</bean>
	
	<!-- sqlSessionFactory -->
	<bean id="sqlSessionFactory" class="org.mybatis.spring.SqlSessionFactoryBean">
		<!-- 引入数据源 -->
		<property name="dataSource" ref="dataSource" />
		<!-- 加载所有的 mapper 路径 -->
		<property name="mapperLocations" value="classpath:com/dims/mapper/*Mapper.xml" />
		<!-- 配置别名 -->
		<property name="typeAliasesPackage" value="com.dims.domain" />
	</bean>
	
	<!-- 扫描 mapper 层 -->
	<bean class="org.mybatis.spring.mapper.MapperScannerConfigurer">
		<!-- 扫描 mapper 接口的包路径 -->
		<property name="basePackage" value="com.dims.mapper" />
	</bean>
	
	<!-- 扫描 service 层 -->
	<context:component-scan base-package="com.dims.service" />
	
	<!-- action -->
</beans>
